,Student Name,Coach,Current Level,Lichess ID,rapid_games,classical_games,classical_points,rapid_points,total_points
232,Pratish,Sathyagiri,Level 2B,Pratish_29,1002.0,23.0,1150.0,10020.0,11170.0
295,Vaseekaran.M,Arun Kumar,Level 3,VaseeNandha,127.0,126.0,6300.0,1270.0,7570.0
17,Dhiren Nath,Bala Prashanth,Level 3,dhirennath,182.0,88.0,4400.0,1820.0,6220.0
60,Aditya Alladi,Pragadeesh,Level 3,AdityaAlladi,261.0,52.0,2600.0,2610.0,5210.0
104,A.R.Dashwanth,Gowtham,Level 2C,Dashwanth_AR,68.0,74.0,3700.0,680.0,4380.0
55,Satveer,Pankaj,Level 2C,Dreaxo_777,145.0,58.0,2900.0,1450.0,4350.0
84,S. Sai Sarvesh,Venugopal,Level 3,VVM11355,71.0,71.0,3550.0,710.0,4260.0
300,Vaibhav,Venugopal,Level 4,VaibhavSenthilkumar,76.0,62.0,3100.0,760.0,3860.0
43,Dakshin,Subbu,Level 2C,CCCDakshin,279.0,19.0,950.0,2790.0,3740.0
33,Guru Prasad,Arun Kumar,Level 3,Guru0707,82.0,57.0,2850.0,820.0,3670.0
95,Ridesh,Koushik Muthesh,Level 2C,Ridesh2017,227.0,25.0,1250.0,2270.0,3520.0
303,S Thanigaidev,Achaya,Level 2A,ThanigaibDev,89.0,52.0,2600.0,890.0,3490.0
213,Anshika,Pankaj,Level 2B,anshika2018,207.0,23.0,1150.0,2070.0,3220.0
2,Siddharth Rupachandran,Pragadeesh,Level 3,Aquacharmingelephant,122.0,38.0,1900.0,1220.0,3120.0
52,Subashri,Venugopal,Level 3,Subasri193,92.0,42.0,2100.0,920.0,3020.0
153,Achyuth Ram B,Sathyagiri,Level 2A,AchyuthRam26,102.0,40.0,2000.0,1020.0,3020.0
264,Sachin Prakash,Ramana,Level 2A,sachinprakash,50.0,50.0,2500.0,500.0,3000.0
67,Senthil Kumar N,Subbu,Level 4,NSK1910,277.0,3.0,150.0,2770.0,2920.0
154,D.Sai Santhosh,Puviraj,Level 2C,Saisanthosh1708,210.0,16.0,800.0,2100.0,2900.0
251,Deepak Gopi,Dhithrabrata Kundu,Level 2C,Deepakgopi,104.0,37.0,1850.0,1040.0,2890.0
318,Shritik,Arun Kumar,Level 3,Shritikshv,92.0,36.0,1800.0,920.0,2720.0
93,Sanjay Srinivas,Yogram,Level 2B,CCCSanjay,82.0,38.0,1900.0,820.0,2720.0
226,Venkatesh,Varun,Level 3,venkatesh64,266.0,0.0,0.0,2660.0,2660.0
136,Hayagreev P,Puviraj,Level 2C,Hayagreevprasanna,89.0,34.0,1700.0,890.0,2590.0
164,Adya Harin .A,Yogram,Level 2B,Adyaharin,74.0,35.0,1750.0,740.0,2490.0
8,Avyan,Venugopal,Level 2C,Avyan160917,93.0,28.0,1400.0,930.0,2330.0
141,Smrithi,Naveen Kumar K,Level 2A,Smrithi_L,17.0,42.0,2100.0,170.0,2270.0
6,Saathvika,Pankaj,Level 2C,sathvi_charmgirl,156.0,14.0,700.0,1560.0,2260.0
25,Rochan Dhanasekur,Subbu,Level 4,rochank,224.0,0.0,0.0,2240.0,2240.0
282,S  Sharvesh Prajin,Venugopal,Level 2C,sSharveshprajin,161.0,12.0,600.0,1610.0,2210.0
157,Amit Kumar Vinay ,Bala Prashanth,Level 1,rudranshkumar0611,84.0,26.0,1300.0,840.0,2140.0
53,Rudransh Kumar,Venugopal,Level 2B,rudranshkumar0611,84.0,26.0,1300.0,840.0,2140.0
189,A.LOGESHWARAN,Subbu,Level 3,LOGESH060395,142.0,14.0,700.0,1420.0,2120.0
76,Joashpaul  P Antony ,Arun Kumar,Level 2C,Joashpaul,34.0,33.0,1650.0,340.0,1990.0
38,Valkari Prashanth Vikram,Venugopal,Level 2C,CCCPrashanth,40.0,31.0,1550.0,400.0,1950.0
27,Lakshini,Pankaj,Level 2B,LAKSHINI,178.0,1.0,50.0,1780.0,1830.0
277,Kajish Raj A,Puviraj,Level 3,kajishraj,151.0,5.0,250.0,1510.0,1760.0
221,Aleena,Gowtham,Level 2A,CCCAleena,44.0,26.0,1300.0,440.0,1740.0
247,K.Darshan,Bala Prashanth,Level 2C,Darshan0703,41.0,26.0,1300.0,410.0,1710.0
304,A.R.Nishwanth,Dhithrabrata Kundu,Level 1,Nishwanth_AR,15.0,31.0,1550.0,150.0,1700.0
30,Sai Shravan PM,Sathyagiri,Level 2B,SaiShravanpm,144.0,4.0,200.0,1440.0,1640.0
162,Sai Vetri Selvan,Hari Krishnan,Level 2A,Saivetri2015,78.0,17.0,850.0,780.0,1630.0
283,Jeevan,Siddiq Akbar,Level 2A,jeevan14p,110.0,10.0,500.0,1100.0,1600.0
152,P.Kashwini,Sathyagiri,Level 2A,Kashwini_06,123.0,7.0,350.0,1230.0,1580.0
263,Vedh Gautham,Hari Krishnan,Level 2A,VedhGautham,71.0,17.0,850.0,710.0,1560.0
91,Yohaambigai,Venugopal,Level 2C,chessyohaa03,44.0,22.0,1100.0,440.0,1540.0
39,Lithisha,Venugopal,Level 2C,Lithisha_A,76.0,14.0,700.0,760.0,1460.0
209,Dishita Ranjan,Venugopal,Level 2C,DishitaRanjan01,66.0,16.0,800.0,660.0,1460.0
23,V.R.Ajay Krishnaa,Arun Kumar,Level 3,Ajay_Krishnaa,39.0,21.0,1050.0,390.0,1440.0
160,M.R.Meha,Sathyagiri,Level 5,Attacker2025,33.0,22.0,1100.0,330.0,1430.0
80,Prasenjit Ishwar Jambhale,Subbu,Level 4,Mybestfriendme,126.0,2.0,100.0,1260.0,1360.0
32,Mithin,Arun Kumar,Level 3,Mithin2017,40.0,19.0,950.0,400.0,1350.0
4,Swarup Athith,Subbu,Level 4,swaroopathith,135.0,0.0,0.0,1350.0,1350.0
130,S.Ritish,Pragadeesh,Level 3,KQChessChampRitish,32.0,20.0,1000.0,320.0,1320.0
191,Aarush Vasan,Prasanna Kumar,Level 2A,AarushVasan,65.0,13.0,650.0,650.0,1300.0
79,Shivam,Gowtham,Level 2C,CCCShivam,23.0,21.0,1050.0,230.0,1280.0
163,Dhiluushan H R ,Venugopal,Level 2C,dhiluushanhr,72.0,11.0,550.0,720.0,1270.0
301,Ahil Alman,Venugopal,Level 3,CCCAhil,51.0,15.0,750.0,510.0,1260.0
175,Sarah Fayona,Yogram,Level 2B,CCCSarah123,61.0,13.0,650.0,610.0,1260.0
92,Prithvik Sanujan,Pankaj,Level 2C,prithvik_san,95.0,6.0,300.0,950.0,1250.0
7,Nishadiyaan,Subbu,Level 4,Nishad0906,79.0,9.0,450.0,790.0,1240.0
88,Mohammed Rehaan,Subbu,Level 4,rehaan22,122.0,0.0,0.0,1220.0,1220.0
81,Vikrant Kumar,Venugopal,Level 2C,Vikranth_Vinodkumar,121.0,0.0,0.0,1210.0,1210.0
195,Sharen Damodran,Johnclinton,Level 3,sharenDamodaran,120.0,0.0,0.0,1200.0,1200.0
224,Darsh Vignesh,Gowtham,Level 2C,darshvignesh,75.0,9.0,450.0,750.0,1200.0
31,Meiyappan R,Subbu,Level 4,noblitz-oblige,119.0,0.0,0.0,1190.0,1190.0
35,Ridhika,Pankaj,Level 2C,ridhika_s,119.0,0.0,0.0,1190.0,1190.0
126,Tharun ,Venugopal,Level 3,Tharunm_2023,57.0,12.0,600.0,570.0,1170.0
77,Aromal,Pankaj,Level 2C,aromalrajan,56.0,12.0,600.0,560.0,1160.0
271,M Maheswaran,Prasanna Kumar,Level 2A,Maheswaransolo,102.0,2.0,100.0,1020.0,1120.0
133,Saravana,Arun Kumar,Level 2C,Saro105,1.0,22.0,1100.0,10.0,1110.0
37,Advik Baskaran,Rajkumar,Level 2C,mailtoadvik,91.0,3.0,150.0,910.0,1060.0
239,Athvik Srikanth,Yogram,Level 2B,athvik_srikanth,24.0,16.0,800.0,240.0,1040.0
255,Mohanraj Karnan,Puviraj,Level 3,mohanraj_karnan,103.0,0.0,0.0,1030.0,1030.0
203,Shri Karthikeyan Varadhan,Pankaj,Level 2B,katfinland,95.0,0.0,0.0,950.0,950.0
273,Parth Gupta ,Achaya,Level 2A,Parth2032,48.0,9.0,450.0,480.0,930.0
173,Aksharav,Subbu,Level 4,Akshrav,77.0,3.0,150.0,770.0,920.0
261,E. Ezhil Iniya,Hari Krishnan,Level 2A,iniyA13,52.0,8.0,400.0,520.0,920.0
102,Saketh,Pankaj,Level 2C,kvsaketh,69.0,4.0,200.0,690.0,890.0
5,Devnath,Subbu,Level 4,evilchess_456,37.0,10.0,500.0,370.0,870.0
311,T.Siddarth,Yogram,Level 2B,chroem123,82.0,1.0,50.0,820.0,870.0
105,Gokul,Johnclinton,Level 3,gokulmechalion,85.0,0.0,0.0,850.0,850.0
257,Sriram Raja,Venugopal,Level 3,SriramRaja41456,84.0,0.0,0.0,840.0,840.0
98,Aadhira.S ,Koushik Muthesh,Level 2B,Aadhirasanthosh,78.0,1.0,50.0,780.0,830.0
108,Sai Varun,Venugopal,Level 2C,SAIVARUN_D,82.0,0.0,0.0,820.0,820.0
143,Pratiksha BG,Naveen Kumar K,Level 3,Prateekshabg,32.0,10.0,500.0,320.0,820.0
211,Shashank,Sathyagiri,Level 4,Attackersk_27,5.0,15.0,750.0,50.0,800.0
158,Prajan Sai,Sathyagiri,Level 2A,prajansai,78.0,0.0,0.0,780.0,780.0
3,Sahishnu,Pragadeesh,Level 3,sahishnudharshanag,46.0,6.0,300.0,460.0,760.0
258,Sai Shanjhana,Pankaj,Level 2C,Shanju_2015,73.0,0.0,0.0,730.0,730.0
69,Sai Sukan,Johnclinton,Level 3,SAISUKAN,73.0,0.0,0.0,730.0,730.0
101,Dandlamudi Siva Shriyaan,Puviraj,Level 2C,SivaShriyaan2016,72.0,0.0,0.0,720.0,720.0
307,Amalan Sriram,Venugopal,Level 3,Amalan11,52.0,4.0,200.0,520.0,720.0
229,Vrushabadev,Ramana,Level 2A,rishu_nambi,65.0,0.0,0.0,650.0,650.0
196,Neyah Varun,Prasanna Kumar,Level 2A,Neyah_Varun,23.0,8.0,400.0,230.0,630.0
244,S.Pranav,Sathyagiri,Level 2A,Pranav_Sivabala,47.0,3.0,150.0,470.0,620.0
110,J.Harshiv,Yogram,Level 2B,J_Harshiv,27.0,7.0,350.0,270.0,620.0
321,Advaith,Venugopal,,Adsgod02,61.0,0.0,0.0,610.0,610.0
291,Avenash Ramesh,Subbu,Level 4,AvenashRamesh7,61.0,0.0,0.0,610.0,610.0
253,Guddeti Dev Krish,Hari Krishnan,Level 2A,Guddetidevkrish,30.0,6.0,300.0,300.0,600.0
56,Shrinika Lokeshwaran,Koushik Muthesh,Level 2C,CCC_ShrinikaLokesh,20.0,8.0,400.0,200.0,600.0
190,Gopalakrishnan,Subbu,Level 3,VGKRISHNAN2023,58.0,0.0,0.0,580.0,580.0
252,Shrijith Mahesh,Ashwin A,Level 2B,shrijiithmahesh,39.0,3.0,150.0,390.0,540.0
324,Iniyan R,Yogram,,INIYAN2020,34.0,4.0,200.0,340.0,540.0
276,Ashok Hariharan,Venugopal,Level 3,Ashokhariharan,29.0,5.0,250.0,290.0,540.0
298,Jaisarvesh,Pankaj,Level 2B,Jaisarvesh1,45.0,1.0,50.0,450.0,500.0
169,A.A.Tosika,Sathyagiri,Level 2A,AATOSIKA0101,50.0,0.0,0.0,500.0,500.0
256,Aarriv Venkatesh ,Ashwin A,Level 2B,Aarriv,35.0,3.0,150.0,350.0,500.0
62,Ashvika GV,Gowtham,Level 2C,Ashvikagv,45.0,1.0,50.0,450.0,500.0
83,Madhumitha,Yogram,Level 2C,Madhusab,29.0,4.0,200.0,290.0,490.0
82,Mivaan,Pankaj,Level 2B,MivaanMaturi,49.0,0.0,0.0,490.0,490.0
254,Krish Karthik,Achaya,Level 2A,Krish_Karthik,34.0,3.0,150.0,340.0,490.0
197,Rajveer Sachindra Mahalle,Subbu,Level 4,CCCRajveer,48.0,0.0,0.0,480.0,480.0
22,Prasanna M,Subbu,Level 4,prasanna1735,48.0,0.0,0.0,480.0,480.0
230,Aakash Agam,Subbu,Level 5,Aakash409,48.0,0.0,0.0,480.0,480.0
265,Vasudev S,Pragadeesh,Level 3,Dev010813,47.0,0.0,0.0,470.0,470.0
266, V.V.Mahanth,Hari Krishnan,Level 2A,Mahanth_V,36.0,2.0,100.0,360.0,460.0
127,Vishwa dev,Koushik Muthesh,Level 2A,Vishwadev18,46.0,0.0,0.0,460.0,460.0
132,Riya Pradeep,Puviraj,Level 3,riyarose,45.0,0.0,0.0,450.0,450.0
202,Vishwajith Prabhu,Narendran,Level 2A,ccc_vishwajithprabhu,30.0,3.0,150.0,300.0,450.0
34,Aswin Bala,Subbu,Level 4,AswinBALA123,44.0,0.0,0.0,440.0,440.0
115,Neal Parwani,Gowtham,Level 2C,Neal_Parwani,39.0,1.0,50.0,390.0,440.0
1,Hareshwar,Pragadeesh,Level 3,Hareshwar15R,8.0,7.0,350.0,80.0,430.0
278,Navya Sanklecha,Venugopal,Level 2C,Navyasaklecha,41.0,0.0,0.0,410.0,410.0
170,Jaiharshaa Badrinarayanan,Sathyagiri,Level 2A,JAIHARSHAA,41.0,0.0,0.0,410.0,410.0
174,Mohanraj,Subbu,Level 3,Mohanrajkce13,41.0,0.0,0.0,410.0,410.0
14,Shrishanth,Puviraj,Level 3,ShrishanthSai1,40.0,0.0,0.0,400.0,400.0
200,Yushaan Mukherjee,Venugopal,Level 2C,Yushaan29,14.0,5.0,250.0,140.0,390.0
49,Yehshikth,Kishore,Level 2B,Yehshikth,39.0,0.0,0.0,390.0,390.0
138,Advaith Balaji,Puviraj,Level 3,tournament_kiddo,38.0,0.0,0.0,380.0,380.0
236, S. Rishvik,Prasanna Kumar,Level 2A,rishvik2020,37.0,0.0,0.0,370.0,370.0
193,R.A.NIVESH,Achaya,Level 2A,Nivesh03,37.0,0.0,0.0,370.0,370.0
75,IRENE .A,Arun Kumar,Level 2C,irene_amal,36.0,0.0,0.0,360.0,360.0
36,Mithran J,Subbu,Level 4,Mithransabari,30.0,1.0,50.0,300.0,350.0
285,Aarav P.H,Achaya,Level 2A,Aaravphheyrad,15.0,4.0,200.0,150.0,350.0
322,Aryan kamjula ,Bala Prashanth,,Aryankkr,35.0,0.0,0.0,350.0,350.0
280,Sanchithbharathy ,Venugopal,Level 3,sunny2111,34.0,0.0,0.0,340.0,340.0
309,Hariharasuthan N,Sathyagiri,Level 2B,hariharasuthann2014,29.0,1.0,50.0,290.0,340.0
210,Prajwal Dupati,Ashwin A,Level 2B,PrajwalDupati,33.0,0.0,0.0,330.0,330.0
99,Samanvetha,Sathyagiri,Level 4,QueenGambitGirl,13.0,4.0,200.0,130.0,330.0
218,Sunidhi Gopal Kulkarni,Pranesh,Level 2B,DMCA_Sunidhi,33.0,0.0,0.0,330.0,330.0
19,Sanjana,Bala Prashanth,Level 3,Sanjana_manikandan,32.0,0.0,0.0,320.0,320.0
149,Sivesh Alluri,Pankaj,Level 3,siveshalluri1,32.0,0.0,0.0,320.0,320.0
315,Jishnuvatsan D,Arun Kumar,Level 3,djishnu,31.0,0.0,0.0,310.0,310.0
182,G.Aadithya Yatintra,Achaya,Level 2A,yatintra0610,31.0,0.0,0.0,310.0,310.0
314,Vrishank,Sathyagiri,Level 2A,Vrishank0409,26.0,1.0,50.0,260.0,310.0
167,Pramod ,Johnclinton,Level 2C,pramoddharma,31.0,0.0,0.0,310.0,310.0
268,M Ajeesh,Johnclinton,Level 2A,ajessh2509,26.0,1.0,50.0,260.0,310.0
139,V.Pavinnithish,Gowtham,Level 2C,Pavinnithish,21.0,2.0,100.0,210.0,310.0
206,DS Prathyush ,Yogram,Level 2C,DsPrathyush21,20.0,2.0,100.0,200.0,300.0
194,Tuvijat Radhish Sudha,Gowtham,Level 2C,TUVIJAT_RS,25.0,1.0,50.0,250.0,300.0
151,S.S.Harish,Sathyagiri,Level 2B,Harishdagoat,30.0,0.0,0.0,300.0,300.0
297,Navya Nagaraj,Gurukishore,Level 2A,NavyaNagendran_VCA,30.0,0.0,0.0,300.0,300.0
58,Keerthana Sri. P.B,Shwetha,Level 2A,gpraveenkumarme,30.0,0.0,0.0,300.0,300.0
204,Ria Evangeline,Johnclinton,Level 2C,RiaAntony,14.0,3.0,150.0,140.0,290.0
187,Sabarish,Subbu,Level 4,sabarish12,24.0,1.0,50.0,240.0,290.0
12,Harshad Ravindran,Subbu,Level 4,HarshadRavindran10,22.0,1.0,50.0,220.0,270.0
40,Preet Patel,Arun Kumar,Level 3,Preet189,27.0,0.0,0.0,270.0,270.0
180,Tharun Shiva,Achaya,Level 2A,Tharun_16,22.0,1.0,50.0,220.0,270.0
45,Sounder Anish,Subbu,Level 4,SoundarAnish,27.0,0.0,0.0,270.0,270.0
260,R D Harsha Vardhini,Narendran,Level 2A,Harshavardhini09,26.0,0.0,0.0,260.0,260.0
302,Saketram,Subbu,Level 2C,SaketramS,25.0,0.0,0.0,250.0,250.0
201,Aaron Jacob ,Achaya,Level 2A,AaronJacob2016,25.0,0.0,0.0,250.0,250.0
85,Idhant,Narendran,Level 2A,idhantverma,24.0,0.0,0.0,240.0,240.0
147,Vehanth,Yogram,Level 2A,Vehanth,18.0,1.0,50.0,180.0,230.0
13,S. Thanyaa,Subbu,Level 3,Thanyaa2023,23.0,0.0,0.0,230.0,230.0
121,A Sudhesan,Anandha Kumar,Level 2A,sudhesan001,23.0,0.0,0.0,230.0,230.0
166,Ruthvic mohanraj,Koushik Muthesh,Level 2C,Ruth2017,23.0,0.0,0.0,230.0,230.0
227,A.S Rupashree,Subbu,Level 2A,Rupa18,22.0,0.0,0.0,220.0,220.0
269,M. Sivaram,Johnclinton,Level 2A,sivaram2509,17.0,1.0,50.0,170.0,220.0
219,Jayakumar Shanmugam ,Puviraj,Level 3,Jayakumars,22.0,0.0,0.0,220.0,220.0
161,M. Surjeev ,Bala Prashanth,Level 2C,Ember_Oklee,22.0,0.0,0.0,220.0,220.0
113,Jeffrin,Kishore,Level 4,JJealousy,21.0,0.0,0.0,210.0,210.0
120,Arshitha.V,Subbu,Level 2A,Arshitha1129,21.0,0.0,0.0,210.0,210.0
205,Aradhya Guharoy,Achaya,Level 2A,Abhijitguharoy,20.0,0.0,0.0,200.0,200.0
96,K.Uthiraapathy,Gowtham,Level 2C,Uthiraapathy,20.0,0.0,0.0,200.0,200.0
188,RK.Aadhith Rudhran,Prasanna Kumar,Level 2A,AadhithRudhran,20.0,0.0,0.0,200.0,200.0
122,Sri Pranesh V N,Ashwin A,Level 2B,Sripranesh,20.0,0.0,0.0,200.0,200.0
216,SR Anjanai Priya,Kishore,Level 2B,anjanaipriya,20.0,0.0,0.0,200.0,200.0
0,Evelyn,Dhithrabrata Kundu,Level 2C,Joannagifta29,19.0,0.0,0.0,190.0,190.0
10,Harathika,Subbu,Level 2C,harathika,19.0,0.0,0.0,190.0,190.0
97,Syed Fayaz. K,Yogram,Level 2B,SyedFayazK,19.0,0.0,0.0,190.0,190.0
109,Keshika Sri,Yogram,Level 2B,rvkeshi_2330,19.0,0.0,0.0,190.0,190.0
177,Aravind V,Subbu,Level 3,AravindVelanandan,18.0,0.0,0.0,180.0,180.0
15,Satvath,Puviraj,Level 2C,DSatvath,13.0,1.0,50.0,130.0,180.0
103,Sreenika,Subbu,Level 2A,Sreenikasai,18.0,0.0,0.0,180.0,180.0
44,Prasanna,Kishore,Level 2B,RookwarriorPrasanna,17.0,0.0,0.0,170.0,170.0
208, S.R.Harshanth Sanjeev,Achaya,Level 2A,Harshanth_2013,17.0,0.0,0.0,170.0,170.0
140,Harishini Megha,Yogram,Level 2A,HarshiniMegha,17.0,0.0,0.0,170.0,170.0
111,Tejeswini Balajee,Subbu,Level 2A,tejeswinib,6.0,2.0,100.0,60.0,160.0
212,Gokul Parthiba,Gurukishore,Level 2B,GokulParthiba,6.0,2.0,100.0,60.0,160.0
68,Jeshua.J,Koushik Muthesh,Level 2C,JeshuaJebarson,16.0,0.0,0.0,160.0,160.0
16,Tarun,Bala Prashanth,Level 3,tarunkumar-2013,0.0,3.0,150.0,0.0,150.0
248,Mahira,Achaya,Level 2A,mahira_2430,15.0,0.0,0.0,150.0,150.0
306,Keshav Velmurugan,Subbu,Level 4,keshavvel,15.0,0.0,0.0,150.0,150.0
70,Chethvik,Johnclinton,Level 2A,Chaitvikdadkishore,15.0,0.0,0.0,150.0,150.0
124,R.Vishank Ram,Ashwin A,Level 2B,Vishank_Ram_CCC,15.0,0.0,0.0,150.0,150.0
262,Sourav Sreekanth,Hari Krishnan,Level 2A,SouravSreekanth,15.0,0.0,0.0,150.0,150.0
119,Shivanya,Anandha Kumar,Level 2A,Shivanya02,15.0,0.0,0.0,150.0,150.0
215,SR Arulshri Mathibali,Kishore,Level 2B,arulshrimathibali,15.0,0.0,0.0,150.0,150.0
24,Atharv,Pankaj,Level 2B,chessatharv24,15.0,0.0,0.0,150.0,150.0
241,Archith Viswanath ,Subbu,Level 2C,Archith2310,14.0,0.0,0.0,140.0,140.0
176,Arun kumar,Subbu,Level 4,garun09,14.0,0.0,0.0,140.0,140.0
312,Devdarshan Amarnath ,Ashwin A,Level 3,dev_17,14.0,0.0,0.0,140.0,140.0
234,Harish Veeramani,Kishore,Level 2B,HarishVeer,13.0,0.0,0.0,130.0,130.0
178,Ranjith Kumar R,Subbu,Level 5,Ranjith7423,12.0,0.0,0.0,120.0,120.0
288,Aarush Udayakumar ,Yogram,Level 2A,aarushuk30,12.0,0.0,0.0,120.0,120.0
21,Yashwanth S,Pankaj,Level 2B,CCCyashwanth,11.0,0.0,0.0,110.0,110.0
183,Shanvi Silambarasan,Achaya,Level 2A,shanvi12chess,11.0,0.0,0.0,110.0,110.0
207, S.Pranav,Yogram,Level 2C,pranav-ssmanian81,11.0,0.0,0.0,110.0,110.0
134,S.R.Sreeghan Ram,Narendran,Level 2A,sreeghan4chess,11.0,0.0,0.0,110.0,110.0
290,Shanchanasri,Subbu,Level 2C,Shanchanasriv22,11.0,0.0,0.0,110.0,110.0
59,Praharsha R G,Ramana,Level 2A,CCCPraharsha,10.0,0.0,0.0,100.0,100.0
299,Lekhaa.L ,Yogram,Level 2B,Lekhaa,10.0,0.0,0.0,100.0,100.0
54,Mughilan,Subbu,Level 2C,CCCMughilan,5.0,1.0,50.0,50.0,100.0
61,Priam Anto,Yogram,Level 2C,PriamAnto,10.0,0.0,0.0,100.0,100.0
87,Suriya Dev,Yogram,Level 2A,suryavenkat,10.0,0.0,0.0,100.0,100.0
185,C.Ragland Rajapaul,Achaya,Level 2A,RaglandC,9.0,0.0,0.0,90.0,90.0
150,Samitha K. A. ,Narendran,Level 2A,samitha2025,9.0,0.0,0.0,90.0,90.0
94,Adwaith. S,Gurukishore,Level 2A,Unnikutts,9.0,0.0,0.0,90.0,90.0
128,Thuraiya,Ramana,Level 2A,thuraiya64,9.0,0.0,0.0,90.0,90.0
74,Kavinila,Koushik Muthesh,Level 2C,KavinilaSA,9.0,0.0,0.0,90.0,90.0
66,Iniyan K,Shwetha,Level 2A,Iniyank,9.0,0.0,0.0,90.0,90.0
242,Roshan Mehta,Arun Kumar,Level 2C,M17Roshan,9.0,0.0,0.0,90.0,90.0
51,Kriyan Metla,Subbu,Level 2C,kriyanmetla,3.0,1.0,50.0,30.0,80.0
90,VARUN S,Yogram,Level 2C,Varunrari2016,8.0,0.0,0.0,80.0,80.0
72,Tharun,Koushik Muthesh,Level 2C,Tharunsai2017,8.0,0.0,0.0,80.0,80.0
89,Theo,Yogram,Level 2B,Ccctheo,8.0,0.0,0.0,80.0,80.0
11,Shravan Santosh,Subbu,Level 4,santhosh_kps_1981,8.0,0.0,0.0,80.0,80.0
246,L.Saitaman,Bala Prashanth,Level 2A,ccc_Saitaman_662,3.0,1.0,50.0,30.0,80.0
41,Raghuveer,Subbu,Level 5,Raghuveer0218,3.0,1.0,50.0,30.0,80.0
259,Jyothiraditya P Rao,Pankaj,Level 2B,Jyothir2015,8.0,0.0,0.0,80.0,80.0
237,Ishaan Kartik . S,Gurukishore,Level 2A,ishaanmar24,8.0,0.0,0.0,80.0,80.0
286,Videsh Swaminathan ,Subbu New,Level 1,VideshS,7.0,0.0,0.0,70.0,70.0
222,Saravanan K C,Prasanna Kumar,Level 2A,kcsr271995,7.0,0.0,0.0,70.0,70.0
305,Harish Velmurugan,Subbu,Level 4,harivel,7.0,0.0,0.0,70.0,70.0
73,Shreya Srihari,Arun Kumar,Level 2C,Shreya_srihari,6.0,0.0,0.0,60.0,60.0
9,Ishan,Subbu,Level 2C,Ishaan-2015,1.0,1.0,50.0,10.0,60.0
117, Sidharth Balamurugan,Yogram,Level 2B,Sidharth4u2u,5.0,0.0,0.0,50.0,50.0
48,M.A Mohamed Aatiq,Yogram,Level 2C,MohamedAatiq,5.0,0.0,0.0,50.0,50.0
223,Vignesh K,Ram Natraj,Level 2B,vignesh_krishnakumar,5.0,0.0,0.0,50.0,50.0
313,Sai Karthi.S,Sathyagiri,Level 2A,SaiKarthi2015,5.0,0.0,0.0,50.0,50.0
319,Ragavi S,Vishwa,Level 1,RagaviSivageethan,5.0,0.0,0.0,50.0,50.0
47,Sathvik,Kishore,Level 2B,saty07,5.0,0.0,0.0,50.0,50.0
146,Vikranth ,Johnclinton,Level 2A,Vikranth-R,5.0,0.0,0.0,50.0,50.0
171,Nikhil,Bala Prashanth,Level 2A,Nikhiljp,4.0,0.0,0.0,40.0,40.0
57,P.S.Lakshaan,Arun Kumar,Level 2A,PSlakshaan,4.0,0.0,0.0,40.0,40.0
267,Darshil Thakkar,Gurukishore,Level 2A,Darshilkt,4.0,0.0,0.0,40.0,40.0
142,Anand M,Kishore,Level 4,anandkmr27,4.0,0.0,0.0,40.0,40.0
131,Dhruva Narayan,Narendran,Level 2A,DhruvaNarayan,4.0,0.0,0.0,40.0,40.0
125,PI.Ridhushini ,Anandha Kumar,Level 2A,Ridhushini,4.0,0.0,0.0,40.0,40.0
18,Havisha S D,Bala Prashanth,Level 2B,Havishard,4.0,0.0,0.0,40.0,40.0
114,R Pavithra,Subbu,Level 3,pavithravi11,4.0,0.0,0.0,40.0,40.0
272, Sameeranbalaji,Prasanna Kumar,Level 2A,Savitar253,4.0,0.0,0.0,40.0,40.0
179,Keerthana Anand,Achaya,Level 2A,KeerthanaAnand,4.0,0.0,0.0,40.0,40.0
316,Vaithiyanathan Muthukumar,Siddiq Akbar,Level 1,vaithi7,3.0,0.0,0.0,30.0,30.0
217,G. Shastikaa,Narendran,Level 2A,ccc_Shastikaa_626,3.0,0.0,0.0,30.0,30.0
42,Harshil,Subbu,Level 4,Harshil_00,3.0,0.0,0.0,30.0,30.0
275,Trishva L. K,Ramana,Level 2A,Trishva,3.0,0.0,0.0,30.0,30.0
78,Corin jasper,Kishore,Level 2B,Corin_Jasper,3.0,0.0,0.0,30.0,30.0
245,L.Tharunsakthy ,Bala Prashanth,Level 2A,ccc_Tharunsakthy_661,3.0,0.0,0.0,30.0,30.0
235,Ilankavin.B,Bala Prashanth,Level 2A,Kavin8899,3.0,0.0,0.0,30.0,30.0
148,Varshika,Hari Krishnan,Level 2A,ccc_Varshika_483,3.0,0.0,0.0,30.0,30.0
274,A. Poojith,Siddiq Akbar,Level 1,A_Poojith,2.0,0.0,0.0,20.0,20.0
172,Aanyaa,Venugopal,Level 2C,aanyaanaveen,2.0,0.0,0.0,20.0,20.0
50,Pallav,Kishore,Level 2B,CCCPallav,1.0,0.0,0.0,10.0,10.0
284,Akilan S,Subbu New,Level 1,Akilan07,1.0,0.0,0.0,10.0,10.0
281,Varsha Lakshman,Siddiq Akbar,Level 1,varshagod,1.0,0.0,0.0,10.0,10.0
181,Ayesha Savio,Ashwin A,Level 3,Zara_xoxo,1.0,0.0,0.0,10.0,10.0
243,Arjun.N,Ashwin A,Level 1,arjun_narayanan,1.0,0.0,0.0,10.0,10.0
233, V.Athavan Karthik,Siddiq Akbar,Level 1,Athavan_Karthik_V,1.0,0.0,0.0,10.0,10.0
231,T. Prakan,Gurukishore,Level 2A,prakantamilselvan,1.0,0.0,0.0,10.0,10.0
192,Dinakaran K,Subbu,Level 3,Dinakaran1808,1.0,0.0,0.0,10.0,10.0
20,Deepti Damodaran,Bala Prashanth,Level 2B,CCCDeepthi,,,,,
26,Aditya M,Subbu,Level 4,Aditya_The_OG,,,,,
28,Yuvan Jeyaraj,Yogram,Level 2B,CCCyuvan,,,,,
29,Aditya Narayanan,Subbu,Level 4,Amazingbros,,,,,
46,Johan,Kishore,Level 2B,johanipem,,,,,
63,Pradanya Thayalan,Ashwin A,Level 2B,Pradanya10,,,,,
64,Anushdhita,Venugopal,Level 2C,Rajapommaiyan,,,,,
65,Yatha,Gowtham,Level 2C,Yathachess1,,,,,
71,Iyan,Johnclinton,Level 2A,Iyan_CB,,,,,
86,Maheshwaran A,Subbu,Level 3,mahesharul,,,,,
100,Praneeth Nareshkanth,Yogram,Level 2B,Praneethnareshkanth,,,,,
106,M.Nethra Shree,Gurukishore,Level 2A,CccNethra,,,,,
107,Sarvashay Kumar Sahu,Subbu,Level 2A,SarvashayKumarSahu,,,,,
112,Sai Balan A,Bala Prashanth,Level 2C,SaiBalan0209,,,,,
116,Zidane Siyad,Bala Prashanth,Level 2A,MohammedZidaneSiyad,,,,,
118,H. Arundakshin ,Ashwin A,Level 2A,arundakshin,,,,,
123,Nikit Vineeth Nathan ,Ashwin A,Level 2B,nikitnathan,,,,,
129,S Rathinavel Murugan ,Arun Kumar,Level 3,SRathinavelMurugan,,,,,
135,Sreejith,Subbu,Level 4,sreejithmuruga,,,,,
137,Kundan Mupalla,Bala Prashanth,Level 3,Kundan_chessy7,,,,,
144,Arjun Mandalam,Bala Prashanth,Level 2C,A2-Mandalam,,,,,
145,Anirudh Mandalam,Narendran,Level 2C,A1-Mandalam,,,,,
155,Palvit Ethamukkalam,Bala Prashanth,Level 2A,Pal160516,,,,,
156,Harshit ,Bala Prashanth,Level 3,harsithb,,,,,
159,Shravanthi B Pathey,Narendran,Level 2A,shravanthi8,,,,,
165,Shaam,Yogram,Level 2C,Shaamvijayganesh,,,,,
168,Sunil Adithya,Johnclinton,Level 3,SunilAdithya02,,,,,
184,Satchit,Arun Kumar,Level 2C,imposter669,,,,,
186,S A PARAMASIVAN,Subbu,Level 5,sapsiva70,,,,,
198,Johit Ethamukkalam,Siddiq Akbar,Level 1,Johit,,,,,
199,Gavya Maharajan,Subbu,Level 3,GavyaMaharajan,,,,,
214,Shakshitha S,Nick,Level 1,Shakshitha26,,,,,
220,Kavin Yokesh M S,Gurukishore,Level 2A,Priyabalu,,,,,
225,Dhuriyan Abinayan,Gurukishore,Level 1,dhuriyan_28,,,,,
228,Sai Ishaan,Nick,Level 2A,Saiishaan2016,,,,,
238,Dhivin,Subbu,Level 2A,Surya_Dhivin,,,,,
240,Magilan DK,Gurukishore,Level 1,magilan_dk,,,,,
249,Sastharachan.H,Ashwin A,Level 1,SASTHARACHAN,,,,,
250,Shawn Merwin,Ashwin A,Level 1,shawnmerwin07,,,,,
270,Anish Raja.V,Gurukishore,Level 1,AnishRajaV,,,,,
279,Srihan Madhankumar,Subbu New,Level 1,srihan_chess,,,,,
287,Tanvi Keezhil,Dhithrabrata Kundu,Level 1,tanvikeezhil,,,,,
289,Tanush Vimal,Dhithrabrata Kundu,Level 1,tanush2711,,,,,
292,Sarfaraz Ahmed V,Dhithrabrata Kundu,Level 1,SarfarazAhmed,,,,,
293,Kayal Chandran,Dhithrabrata Kundu,Level 1,kayalchandran,,,,,
294,V. AARAV SEYON,Dhithrabrata Kundu,Level 1,Aaravsyon123,,,,,
296,Adrish Annamalai,Dhithrabrata Kundu,Level 1,AdrishAnnamalai,,,,,
308,Zach Singh,Kishore,Level 2A,Zach_Singh,,,,,
310,Advaith Vinoth,Yogram,Level 2B,Advaith2204,,,,,
317,SHIVASUBRAMANIYAN M B,Koushik Muthesh,Level 2C,Shivasubramaniyanmb,,,,,
320,K Aran,Arun Kumar,Level 1,ccc_Aran_909,,,,,
323,Swathmika.A,Varsha,,Swath2017,,,,,
